{"weights": [[[-0.022237048133320787, 0.6625635588820754], [0.18166385192562523, 0.8479271417836352]], [[-0.7978491157687138], [0.5917090626431643]]], "bias": [[-0.8425788119448641, -1.284030602174259], [-0.2138987271847728]]}